frame_nmr,car_id,car_bbox,license_plate_bbox,license_plate_bbox_score,license_number,license_number_score
24,4,[0.12378090900769223 245.94804680869896 152.94180505990556 394.9397973661266],[16.21917152404785 346.7573547363281 71.40834045410156 360.2557373046875],0.32653591,EI95CSA,0.003280069
263,3,[209.98257750856453 236.0284493828297 375.49748196455505 382.0640842492225],[267.2586364746094 337.62298583984375 322.18060302734375 351.40350341796875],0.820415616,FE50SIA,0.093045452
266,3,[211.2934799477389 232.8920072800618 376.61476155782316 377.0637020011627],[267.1119079589844 332.8276672363281 323.35675048828125 346.9112548828125],0.81442517,AD65TAT,0.019907652
330,127,[247.15503528602034 285.0439866851057 451.12140336368753 427.822723023253],[316.9230651855469 381.76171875 374.965576171875 399.6263122558594],0.899477959,PL11BCE,0.042524492
398,17,[526.7208519958937 177.44865560013972 674.7701410490073 308.8966189974999],[581.8435668945312 237.98175048828125 637.3063354492188 254.4814453125],0.516120434,TE04PIE,8.42E-05
